library_preparation.biomaterial_id	differentiated_biomaterial_id	differentiated_biomaterial_description	differentiated_ncbi_taxon_id	differentiated_insdc_experiment_accession	differentiated_genus_species	differentiated_genus_species.ontology	differentiated_genus_species.ontology_label	differentiated_biosamples_accession	biomaterial_id	differentiation_protocol.protocol_core.protocol_id	differentiated_timepoint_value	differentiated_timepoint_unit	differentiated_terminally_differentiated	model_organ	ko_strategy	ko_gene	file_id
GT23-10482	PrS-MOK20017W-B04	KOLF2.2 deleted FOSB by deletion of full coding region (KO) derived primitive syncytium							MOK20017W-B04	JAXPD001	6	days	Yes	extra-embryonic primitive syncytial cells	KO	FOSB	FOSB_CE_C08_GT23-10482_CCGCGGTT-CTAGCGCT_S36_L001
GT23-10483	PrS-MOK20017W-C02	KOLF2.2 deleted FOSB by deletion of full coding region (KO) derived primitive syncytium							MOK20017W-C02	JAXPD001	6	days	Yes	extra-embryonic primitive syncytial cells	KO	FOSB	FOSB_CE_C05_GT23-10483_TTATAACC-TCGATATC_S27_L001
GT23-10484	PrS-MOK20017W-E04	KOLF2.2 deleted FOSB by deletion of full coding region (KO) derived primitive syncytium							MOK20017W-E04	JAXPD001	6	days	Yes	extra-embryonic primitive syncytial cells	KO	FOSB	FOSB_CE_D07_GT23-10484_GGACTTGG-CGTCTGCG_S22_L001
GT23-10485	PrS-MOK20017C-C05	KOLF2.2 deleted FOSB by deletion of critical exon (CE) derived primitive syncytium							MOK20017C-C05	JAXPD001	6	days	Yes	extra-embryonic primitive syncytial cells	CE	FOSB	FOSB_PTC_C11_GT23-10485_AAGTCCAA-TACTCATA_S21_L001
GT23-10486	PrS-MOK20017C-C08	KOLF2.2 deleted FOSB by deletion of critical exon (CE) derived primitive syncytium							MOK20017C-C08	JAXPD001	6	days	Yes	extra-embryonic primitive syncytial cells	CE	FOSB	FOSB_PTC_B09_GT23-10486_ATCCACTG-ACGCACCT_S41_L001
GT23-10487	PrS-MOK20017C-D07	KOLF2.2 deleted FOSB by deletion of critical exon (CE) derived primitive syncytium							MOK20017C-D07	JAXPD001	6	days	Yes	extra-embryonic primitive syncytial cells	CE	FOSB	FOSB_PTC_A10_GT23-10487_GCTTGTCA-GTATGTTC_S28_L001
GT23-10488	PrS-MOK20017P-A10	KOLF2.2 deleted FOSB by insertion of premature termination codon (PTC) derived primitive syncytium							MOK20017P-A10	JAXPD001	6	days	Yes	extra-embryonic primitive syncytial cells	PTC	FOSB	FOSB_KO_E04_GT23-10488_CAAGCTAG-CGCTATGT_S20_L001
GT23-10489	PrS-MOK20017P-B09	KOLF2.2 deleted FOSB by insertion of premature termination codon (PTC) derived primitive syncytium							MOK20017P-B09	JAXPD001	6	days	Yes	extra-embryonic primitive syncytial cells	PTC	FOSB	FOSB_KO_C02_GT23-10489_TGGATCGA-TATCGCAC_S1_L001
GT23-10490	PrS-MOK20017P-C11	KOLF2.2 deleted FOSB by insertion of premature termination codon (PTC) derived primitive syncytium							MOK20017P-C11	JAXPD001	6	days	Yes	extra-embryonic primitive syncytial cells	PTC	FOSB	FOSB_KO_B04_GT23-10490_AGTTCAGG-TCTGTTGG_S16_L001
GT23-10491	PrS-MOK20010P-WT	KOLF2.2 derived primitive syncytium							MOK20010P-WT	JAXPD001	6	days	Yes	extra-embryonic primitive syncytial cells	WT	WT	KOLF2_POU2F3_1_GT23-10491_CCGTGAAG-ATCCACTG_S38_L001
GT23-10492	PrS-MOK20013-WT	KOLF2.2 derived primitive syncytium							MOK20013-WT	JAXPD001	6	days	Yes	extra-embryonic primitive syncytial cells	WT	WT	KOLF2_GHRL1_2_GT23-10492_TTACAGGA-GCTTGTCA_S6_L001
GT23-10493	PrS-MOK20017-WT	KOLF2.2 derived primitive syncytium							MOK20017-WT	JAXPD001	6	days	Yes	extra-embryonic primitive syncytial cells	WT	WT	KOLF2_FOSB_1_GT23-10493_GACCTGAA-CTCACCAA_S32_L001
GT23-10494	PrS-MOK20013W-D02	KOLF2.2 deleted GRHL1 by deletion of full coding region (KO) derived primitive syncytium							MOK20013W-D02	JAXPD001	6	days	Yes	extra-embryonic primitive syncytial cells	KO	GRHL1	GHRL1_KO_D02_GT23-10494_TCTCTACT-GAACCGCG_S26_L001
GT23-10495	PrS-MOK20013W-G04	KOLF2.2 deleted GRHL1 by deletion of full coding region (KO) derived primitive syncytium							MOK20013W-G04	JAXPD001	6	days	Yes	extra-embryonic primitive syncytial cells	KO	GRHL1	GHRL1_KO_G04_GT23-10495_CTCTCGTC-AGGTTATA_S15_L001
GT23-10496	PrS-MOK20013W-H04	KOLF2.2 deleted GRHL1 by deletion of full coding region (KO) derived primitive syncytium							MOK20013W-H04	JAXPD001	6	days	Yes	extra-embryonic primitive syncytial cells	KO	GRHL1	GHRL1_KO_H04_GT23-10496_CCAAGTCT-TCATCCTT_S35_L001
GT23-10497	PrS-MOK20013C-A05	KOLF2.2 deleted GRHL1 by deletion of critical exon (CE) derived primitive syncytium							MOK20013C-A05	JAXPD001	6	days	Yes	extra-embryonic primitive syncytial cells	CE	GRHL1	GHRL1_CE_A05_GT23-10497_TTGGACTC-CTGCTTCC_S12_L001
GT23-10498	PrS-MOK20013C-A08	KOLF2.2 deleted GRHL1 by deletion of critical exon (CE) derived primitive syncytium							MOK20013C-A08	JAXPD001	6	days	Yes	extra-embryonic primitive syncytial cells	CE	GRHL1	GHRL1_CE_A08_GT23-10498_CAGTAGGC-ATTCGTCA_S39_L001
GT23-10499	PrS-MOK20013C-D07	KOLF2.2 deleted GRHL1 by deletion of critical exon (CE) derived primitive syncytium							MOK20013C-D07	JAXPD001	6	days	Yes	extra-embryonic primitive syncytial cells	CE	GRHL1	GHRL1_CE_D07_GT23-10499_TGACGAAT-GCCTACTG_S31_L001
GT23-10500	PrS-MOK20013P-A09	KOLF2.2 deleted GRHL1 by insertion of premature termination codon (PTC) derived primitive syncytium							MOK20013P-A09	JAXPD001	6	days	Yes	extra-embryonic primitive syncytial cells	PTC	GRHL1	GHRL1_PTC_A09_GT23-10500_TAATACAG-GTGAATAT_S2_L001
GT23-10501	PrS-MOK20013P-A10	KOLF2.2 deleted GRHL1 by insertion of premature termination codon (PTC) derived primitive syncytium							MOK20013P-A10	JAXPD001	6	days	Yes	extra-embryonic primitive syncytial cells	PTC	GRHL1	GHRL1_PTC_A10_GT23-10501_CGGCGTGA-ACAGGCGC_S30_L001
GT23-10502	PrS-MOK20013P-C09	KOLF2.2 deleted GRHL1 by insertion of premature termination codon (PTC) derived primitive syncytium							MOK20013P-C09	JAXPD001	6	days	Yes	extra-embryonic primitive syncytial cells	PTC	GRHL1	GHRL1_PTC_C09_GT23-10502_ATGTAAGT-CATAGAGT_S19_L001
GT23-10503	PrS-MOK20010W-B04	KOLF2.2 deleted POU2F3 by deletion of full coding region (KO) derived primitive syncytium							MOK20010W-B04	JAXPD001	6	days	Yes	extra-embryonic primitive syncytial cells	KO	POU2F3	POU2F3_KO_B04_GT23-10503_GCACGGAC-TGCGAGAC_S14_L001
GT23-10504	PrS-MOK20010W-F04	KOLF2.2 deleted POU2F3 by deletion of full coding region (KO) derived primitive syncytium							MOK20010W-F04	JAXPD001	6	days	Yes	extra-embryonic primitive syncytial cells	KO	POU2F3	POU2F3_KO_F04_GT23-10504_GGTACCTT-GACGTCTT_S33_L001
GT23-10505	PrS-MOK20010W-G03	KOLF2.2 deleted POU2F3 by deletion of full coding region (KO) derived primitive syncytium							MOK20010W-G03	JAXPD001	6	days	Yes	extra-embryonic primitive syncytial cells	KO	POU2F3	POU2F3_KO_G03_GT23-10505_AACGTTCC-AGTACTCC_S37_L001
GT23-10506	PrS-MOK20010C-A06	KOLF2.2 deleted POU2F3 by deletion of critical exon (CE) derived primitive syncytium							MOK20010C-A06	JAXPD001	6	days	Yes	extra-embryonic primitive syncytial cells	CE	POU2F3	POU2F3_CE_B05_GT23-10506_GCAGAATT-TGGCCGGT_S17_L001
GT23-10507	PrS-MOK20010C-B05	KOLF2.2 deleted POU2F3 by deletion of critical exon (CE) derived primitive syncytium							MOK20010C-B05	JAXPD001	6	days	Yes	extra-embryonic primitive syncytial cells	CE	POU2F3	POU2F3_CE_A06_GT23-10507_ATGAGGCC-CAATTAAC_S24_L001
GT23-10508	PrS-MOK20010C-B06	KOLF2.2 deleted POU2F3 by deletion of critical exon (CE) derived primitive syncytium							MOK20010C-B06	JAXPD001	6	days	Yes	extra-embryonic primitive syncytial cells	CE	POU2F3	POU2F3_CE_B06_GT23-10508_ACTAAGAT-CCGCGGTT_S23_L001
GT23-10509	PrS-MOK20010P-A09	KOLF2.2 deleted POU2F3 by insertion of premature termination codon (PTC) derived primitive syncytium							MOK20010P-A09	JAXPD001	6	days	Yes	extra-embryonic primitive syncytial cells	PTC	POU2F3	POU2F3_PTC_A09_GT23-10509_GTCGGAGC-TTATAACC_S7_L001
GT23-10510	PrS-MOK20010P-A10	KOLF2.2 deleted POU2F3 by insertion of premature termination codon (PTC) derived primitive syncytium							MOK20010P-A10	JAXPD001	6	days	Yes	extra-embryonic primitive syncytial cells	PTC	POU2F3	POU2F3_PTC_A10_GT23-10510_CTTGGTAT-GGACTTGG_S42_L001
GT23-10511	PrS-MOK20010P-G09	KOLF2.2 deleted POU2F3 by insertion of premature termination codon (PTC) derived primitive syncytium							MOK20010P-G09	JAXPD001	6	days	Yes	extra-embryonic primitive syncytial cells	PTC	POU2F3	POU2F3_PTC_G09_GT23-10511_TCCAACGC-AAGTCCAA_S29_L001
GT23-11288	PrS-MOK20012-WT1-nor	KOLF2.2 derived primitive syncytium in normoxia							MOK20012-WT1	JAXPD001	6	days	Yes	extra-embryonic primitive syncytial cells	WT	WT	WT_1__Normoxia_GT23-11288_CCGCGGTT-CTAGCGCT_S39_L001
GT23-11289	PrS-MOK20012-WT2-nor	KOLF2.2 derived primitive syncytium in normoxia							MOK20012-WT2	JAXPD001	6	days	Yes	extra-embryonic primitive syncytial cells	WT	WT	WT_2__Normoxia_GT23-11289_TTATAACC-TCGATATC_S27_L001
GT23-11290	PrS-MOK20012-WT3-nor	KOLF2.2 derived primitive syncytium in normoxia							MOK20012-WT3	JAXPD001	6	days	Yes	extra-embryonic primitive syncytial cells	WT	WT	WT_3__Normoxia_GT23-11290_GGACTTGG-CGTCTGCG_S36_L001
GT23-11291	PrS-MOK20012W-A03-nor	KOLF2.2 deleted EPAS1 by deletion of full coding region (KO) derived primitive syncytium in normoxia							MOK20012W-A03	JAXPD001	6	days	Yes	extra-embryonic primitive syncytial cells	KO	EPAS1	KO_A03__Normoxia_GT23-11291_AAGTCCAA-TACTCATA_S31_L001
GT23-11292	PrS-MOK20012W-B01-nor	KOLF2.2 deleted EPAS1 by deletion of full coding region (KO) derived primitive syncytium in normoxia							MOK20012W-B01	JAXPD001	6	days	Yes	extra-embryonic primitive syncytial cells	KO	EPAS1	KO_B01__Normoxia_GT23-11292_ATCCACTG-ACGCACCT_S24_L001
GT23-11293	PrS-MOK20012W-B02-nor	KOLF2.2 deleted EPAS1 by deletion of full coding region (KO) derived primitive syncytium in normoxia							MOK20012W-B02	JAXPD001	6	days	Yes	extra-embryonic primitive syncytial cells	KO	EPAS1	KO_B02__Normoxia_GT23-11293_CTGCTTCC-GATCTATC_S63_L002
GT23-11294	PrS-MOK20012C-E06-nor	KOLF2.2 deleted EPAS1 by deletion of critical exon (CE) derived primitive syncytium in normoxia							MOK20012C-E06	JAXPD001	6	days	Yes	extra-embryonic primitive syncytial cells	CE	EPAS1	CE_E06__Normoxia_GT23-11294_CAAGCTAG-CGCTATGT_S35_L001
GT23-11295	PrS-MOK20012C-G07-nor	KOLF2.2 deleted EPAS1 by deletion of critical exon (CE) derived primitive syncytium in normoxia							MOK20012C-G07	JAXPD001	6	days	Yes	extra-embryonic primitive syncytial cells	CE	EPAS1	CE_G07__Normoxia_GT23-11295_TGGATCGA-TATCGCAC_S25_L001
GT23-11296	PrS-MOK20012C-H06-nor	KOLF2.2 deleted EPAS1 by deletion of critical exon (CE) derived primitive syncytium in normoxia							MOK20012C-H06	JAXPD001	6	days	Yes	extra-embryonic primitive syncytial cells	CE	EPAS1	CE_H06__Normoxia_GT23-11296_AGTTCAGG-TCTGTTGG_S20_L001
GT23-11297	PrS-MOK20012P-A09-nor	KOLF2.2 deleted EPAS1 by insertion of premature termination codon (PTC) derived primitive syncytium in normoxia							MOK20012P-A09	JAXPD001	6	days	Yes	extra-embryonic primitive syncytial cells	PTC	EPAS1	PTC_A09__Normoxia_GT23-11297_GACCTGAA-CTCACCAA_S16_L001
GT23-11298	PrS-MOK20012P-D10-nor	KOLF2.2 deleted EPAS1 by insertion of premature termination codon (PTC) derived primitive syncytium in normoxia							MOK20012P-D10	JAXPD001	6	days	Yes	extra-embryonic primitive syncytial cells	PTC	EPAS1	PTC_D10__Normoxia_GT23-11298_TCTCTACT-GAACCGCG_S32_L001
GT23-11299	PrS-MOK20012P-G09-nor	KOLF2.2 deleted EPAS1 by insertion of premature termination codon (PTC) derived primitive syncytium in normoxia							MOK20012P-G09	JAXPD001	6	days	Yes	extra-embryonic primitive syncytial cells	PTC	EPAS1	PTC_G09__Normoxia_GT23-11299_CTCTCGTC-AGGTTATA_S23_L001
GT23-11300	PrS-MOK20012-WT1-hyp	KOLF2.2 derived primitive syncytium in hypoxia							MOK20012-WT1	JAXPD001	6	days	Yes	extra-embryonic primitive syncytial cells	WT	WT	WT_1__Hypoxia_GT23-11300_CCAAGTCT-TCATCCTT_S29_L001
GT23-11301	PrS-MOK20012-WT2-hyp	KOLF2.2 derived primitive syncytium in hypoxia							MOK20012-WT2	JAXPD001	6	days	Yes	extra-embryonic primitive syncytial cells	WT	WT	WT_2__Hypoxia_GT23-11301_TTGGACTC-CTGCTTCC_S37_L001
GT23-11302	PrS-MOK20012-WT3-hyp	KOLF2.2 derived primitive syncytium in hypoxia							MOK20012-WT3	JAXPD001	6	days	Yes	extra-embryonic primitive syncytial cells	WT	WT	WT_3__Hypoxia_GT23-11302_CAGTAGGC-ATTCGTCA_S34_L001
GT23-11303	PrS-MOK20012W-A03-hyp	KOLF2.2 deleted EPAS1 by deletion of full coding region (KO) derived primitive syncytium in hypoxia							MOK20012W-A03	JAXPD001	6	days	Yes	extra-embryonic primitive syncytial cells	KO	EPAS1	KO_A03__Hypoxia_GT23-11303_TGACGAAT-GCCTACTG_S33_L001
GT23-11304	PrS-MOK20012W-B01-hyp	KOLF2.2 deleted EPAS1 by deletion of full coding region (KO) derived primitive syncytium in hypoxia							MOK20012W-B01	JAXPD001	6	days	Yes	extra-embryonic primitive syncytial cells	KO	EPAS1	KO_B01__Hypoxia_GT23-11304_TAATACAG-GTGAATAT_S26_L001
GT23-11305	PrS-MOK20012W-B02-hyp	KOLF2.2 deleted EPAS1 by deletion of full coding region (KO) derived primitive syncytium in hypoxia							MOK20012W-B02	JAXPD001	6	days	Yes	extra-embryonic primitive syncytial cells	KO	EPAS1	KO_B02__Hypoxia_GT23-11305_CGGCGTGA-ACAGGCGC_S18_L001
GT23-11306	PrS-MOK20012C-E06-hyp	KOLF2.2 deleted EPAS1 by deletion of critical exon (CE) derived primitive syncytium in hypoxia							MOK20012C-E06	JAXPD001	6	days	Yes	extra-embryonic primitive syncytial cells	CE	EPAS1	CE_E06__Hypoxia_GT23-11306_ATGTAAGT-CATAGAGT_S38_L001
GT23-11307	PrS-MOK20012C-G07-hyp	KOLF2.2 deleted EPAS1 by deletion of critical exon (CE) derived primitive syncytium in hypoxia							MOK20012C-G07	JAXPD001	6	days	Yes	extra-embryonic primitive syncytial cells	CE	EPAS1	CE_G07__Hypoxia_GT23-11307_GCACGGAC-TGCGAGAC_S17_L001
GT23-11308	PrS-MOK20012C-H06-hyp	KOLF2.2 deleted EPAS1 by deletion of critical exon (CE) derived primitive syncytium in hypoxia							MOK20012C-H06	JAXPD001	6	days	Yes	extra-embryonic primitive syncytial cells	CE	EPAS1	CE_H06__Hypoxia_GT23-11308_GGTACCTT-GACGTCTT_S19_L001
GT23-11309	PrS-MOK20012P-A09-hyp	KOLF2.2 deleted EPAS1 by insertion of premature termination codon (PTC) derived primitive syncytium in hypoxia							MOK20012P-A09	JAXPD001	6	days	Yes	extra-embryonic primitive syncytial cells	PTC	EPAS1	PTC_A09__Hypoxia_GT23-11309_AACGTTCC-AGTACTCC_S30_L001
GT23-11310	PrS-MOK20012P-D10-hyp	KOLF2.2 deleted EPAS1 by insertion of premature termination codon (PTC) derived primitive syncytium in hypoxia							MOK20012P-D10	JAXPD001	6	days	Yes	extra-embryonic primitive syncytial cells	PTC	EPAS1	PTC_D10__Hypoxia_GT23-11310_GCAGAATT-TGGCCGGT_S22_L001
GT23-11311	PrS-MOK20012P-G09-hyp	KOLF2.2 deleted EPAS1 by insertion of premature termination codon (PTC) derived primitive syncytium in hypoxia							MOK20012P-G09	JAXPD001	6	days	Yes	extra-embryonic primitive syncytial cells	PTC	EPAS1	PTC_G09__Hypoxia_GT23-11311_ATGAGGCC-CAATTAAC_S28_L001
GT23-11433	PrS-MOK20022-WT1	KOLF2.2 derived primitive syncytium							MOK20022-WT1	JAXPD001	6	days	Yes	extra-embryonic primitive syncytial cells	WT	WT	GCM1_WT_1_GT23-11433_ACTAAGAT-CCGCGGTT_S57_L002
GT23-11434	PrS-MOK20022-WT2	KOLF2.2 derived primitive syncytium							MOK20022-WT2	JAXPD001	6	days	Yes	extra-embryonic primitive syncytial cells	WT	WT	GCM1_WT_2_GT23-11434_GTCGGAGC-TTATAACC_S46_L002
GT23-11435	PrS-MOK20022-WT3	KOLF2.2 derived primitive syncytium							MOK20022-WT3	JAXPD001	6	days	Yes	extra-embryonic primitive syncytial cells	WT	WT	GCM1_WT_3_GT23-11435_CTTGGTAT-GGACTTGG_S41_L002
GT23-11436	PrS-MOK20022W-C01	KOLF2.2 deleted GCM1 by deletion of full coding region (KO) derived primitive syncytium							MOK20022W-C01	JAXPD001	6	days	Yes	extra-embryonic primitive syncytial cells	KO	GCM1	GCM1_KO_C1_GT23-11436_TCCAACGC-AAGTCCAA_S58_L002
GT23-11437	PrS-MOK20022W-E04	KOLF2.2 deleted GCM1 by deletion of full coding region (KO) derived primitive syncytium							MOK20022W-E04	JAXPD001	6	days	Yes	extra-embryonic primitive syncytial cells	KO	GCM1	GCM1_KO_E4_GT23-11437_CCGTGAAG-ATCCACTG_S56_L002
GT23-11438	PrS-MOK20022W-G04	KOLF2.2 deleted GCM1 by deletion of full coding region (KO) derived primitive syncytium							MOK20022W-G04	JAXPD001	6	days	Yes	extra-embryonic primitive syncytial cells	KO	GCM1	GCM1_KO_G4_GT23-11438_TTACAGGA-GCTTGTCA_S53_L002
GT23-11439	PrS-MOK20022C-D06	KOLF2.2 deleted GCM1 by deletion of critical exon (CE) derived primitive syncytium							MOK20022C-D06	JAXPD001	6	days	Yes	extra-embryonic primitive syncytial cells	CE	GCM1	GCM1_CE_D6_GT23-11439_GGCATTCT-CAAGCTAG_S49_L002
GT23-11440	PrS-MOK20022C-G06	KOLF2.2 deleted GCM1 by deletion of critical exon (CE) derived primitive syncytium							MOK20022C-G06	JAXPD001	6	days	Yes	extra-embryonic primitive syncytial cells	CE	GCM1	GCM1_CE_G6_GT23-11440_AATGCCTC-TGGATCGA_S59_L002
GT23-11441	PrS-MOK20022C-G08	KOLF2.2 deleted GCM1 by deletion of critical exon (CE) derived primitive syncytium							MOK20022C-G08	JAXPD001	6	days	Yes	extra-embryonic primitive syncytial cells	CE	GCM1	GCM1_CE_G8_GT23-11441_TACCGAGG-AGTTCAGG_S44_L002
GT23-11442	PrS-MOK20022P-A11	KOLF2.2 deleted GCM1 by insertion of premature termination codon (PTC) derived primitive syncytium							MOK20022P-A11	JAXPD001	6	days	Yes	extra-embryonic primitive syncytial cells	PTC	GCM1	GCM1_PTC_A11_GT23-11442_CGTTAGAA-GACCTGAA_S52_L002
GT23-11443	PrS-MOK20022P-B12	KOLF2.2 deleted GCM1 by insertion of premature termination codon (PTC) derived primitive syncytium							MOK20022P-B12	JAXPD001	6	days	Yes	extra-embryonic primitive syncytial cells	PTC	GCM1	GCM1_PTC_B12_GT23-11443_AGCCTCAT-TCTCTACT_S51_L002
GT23-11444	PrS-MOK20022P-E11	KOLF2.2 deleted GCM1 by insertion of premature termination codon (PTC) derived primitive syncytium							MOK20022P-E11	JAXPD001	6	days	Yes	extra-embryonic primitive syncytial cells	PTC	GCM1	GCM1_PTC_E11_GT23-11444_GATTCTGC-CTCTCGTC_S47_L002
GT23-11445	PrS-MOK20026-WT1	KOLF2.2 derived primitive syncytium							MOK20026-WT1	JAXPD001	6	days	Yes	extra-embryonic primitive syncytial cells	WT	WT	PPARG_WT_1_GT23-11445_TCGTAGTG-CCAAGTCT_S43_L002
GT23-11446	PrS-MOK20026-WT2	KOLF2.2 derived primitive syncytium							MOK20026-WT2	JAXPD001	6	days	Yes	extra-embryonic primitive syncytial cells	WT	WT	PPARG_WT_2_GT23-11446_CTACGACA-TTGGACTC_S42_L002
GT23-11447	PrS-MOK20026-WT3	KOLF2.2 derived primitive syncytium							MOK20026-WT3	JAXPD001	6	days	Yes	extra-embryonic primitive syncytial cells	WT	WT	PPARG_WT_3_GT23-11447_TAAGTGGT-GGCTTAAG_S55_L002
GT23-11448	PrS-MOK20026W-E02	KOLF2.2 deleted PPARG by deletion of full coding region (KO) derived primitive syncytium							MOK20026W-E02	JAXPD001	6	days	Yes	extra-embryonic primitive syncytial cells	KO	PPARG	PPARG_KO_E02_GT23-11448_CGGACAAC-AATCCGGA_S60_L002
GT23-11449	PrS-MOK20026W-G02	KOLF2.2 deleted PPARG by deletion of full coding region (KO) derived primitive syncytium							MOK20026W-G02	JAXPD001	6	days	Yes	extra-embryonic primitive syncytial cells	KO	PPARG	PPARG_KO_G02_GT23-11449_ATATGGAT-TAATACAG_S50_L002
GT23-11450	PrS-MOK20026W-H02	KOLF2.2 deleted PPARG by deletion of full coding region (KO) derived primitive syncytium							MOK20026W-H02	JAXPD001	6	days	Yes	extra-embryonic primitive syncytial cells	KO	PPARG	PPARG_KO_H02_GT23-11450_GCGCAAGC-CGGCGTGA_S40_L002
GT23-11451	PrS-MOK20026C-D08	KOLF2.2 deleted PPARG by deletion of critical exon (CE) derived primitive syncytium							MOK20026C-D08	JAXPD001	6	days	Yes	extra-embryonic primitive syncytial cells	CE	PPARG	PPARG_CE_D08_GT23-11451_AAGATACT-ATGTAAGT_S61_L002
GT23-11452	PrS-MOK20026C-G05	KOLF2.2 deleted PPARG by deletion of critical exon (CE) derived primitive syncytium							MOK20026C-G05	JAXPD001	6	days	Yes	extra-embryonic primitive syncytial cells	CE	PPARG	PPARG_CE_G05_GT23-11452_GGAGCGTC-GCACGGAC_S48_L002
GT23-11453	PrS-MOK20026C-H05	KOLF2.2 deleted PPARG by deletion of critical exon (CE) derived primitive syncytium							MOK20026C-H05	JAXPD001	6	days	Yes	extra-embryonic primitive syncytial cells	CE	PPARG	PPARG_CE_H05_GT23-11453_ATGGCATG-GGTACCTT_S62_L002
GT23-11454	PrS-MOK20026P-A10	KOLF2.2 deleted PPARG by insertion of premature termination codon (PTC) derived primitive syncytium							MOK20026P-A10	JAXPD001	6	days	Yes	extra-embryonic primitive syncytial cells	PTC	PPARG	PPARG_PTC_A10_GT23-11454_GCAATGCA-AACGTTCC_S54_L002
GT23-11455	PrS-MOK20026P-D10	KOLF2.2 deleted PPARG by insertion of premature termination codon (PTC) derived primitive syncytium							MOK20026P-D10	JAXPD001	6	days	Yes	extra-embryonic primitive syncytial cells	PTC	PPARG	PPARG_PTC_D10_GT23-11455_GTTCCAAT-GCAGAATT_S63_L002
GT23-11456	PrS-MOK20026P-E12	KOLF2.2 deleted PPARG by insertion of premature termination codon (PTC) derived primitive syncytium							MOK20026P-E12	JAXPD001	6	days	Yes	extra-embryonic primitive syncytial cells	PTC	PPARG	PPARG_PTC_E12_GT23-11456_ACCTTGGC-ATGAGGCC_S45_L002
GT23-12144	ExM-MOK20015-WT1	KOLF2.2 derived extra-embryonic mesenchyme							MOK20015-WT1	JAXPD002	6	days	Yes	extra-embryonic mesenchymal cells	WT	WT	ISL1_WT_1_GT23-12144_ATATCTCG-ACTAAGAT_S33_L001
GT23-12145	ExM-MOK20015-WT2	KOLF2.2 derived extra-embryonic mesenchyme							MOK20015-WT2	JAXPD002	6	days	Yes	extra-embryonic mesenchymal cells	WT	WT	ISL1_WT_2_GT23-12145_GCGCTCTA-GTCGGAGC_S29_L001
GT23-12146	ExM-MOK20015-WT3	KOLF2.2 derived extra-embryonic mesenchyme							MOK20015-WT3	JAXPD002	6	days	Yes	extra-embryonic mesenchymal cells	WT	WT	ISL1_WT_3_GT23-12146_AACAGGTT-CTTGGTAT_S23_L001
GT23-12147	ExM-MOK20015W-A02	KOLF2.2 deleted ISL1 by deletion of full coding region (KO) derived extra-embryonic mesenchyme							MOK20015W-A02	JAXPD002	6	days	Yes	extra-embryonic mesenchymal cells	KO	ISL1	ISL1_KO_A02_GT23-12147_GGTGAACC-TCCAACGC_S5_L001
GT23-12148	ExM-MOK20015W-D04	KOLF2.2 deleted ISL1 by deletion of full coding region (KO) derived extra-embryonic mesenchyme							MOK20015W-D04	JAXPD002	6	days	Yes	extra-embryonic mesenchymal cells	KO	ISL1	ISL1_KO_D04_GT23-12148_CAACAATG-CCGTGAAG_S3_L001
GT23-12149	ExM-MOK20015W-F04	KOLF2.2 deleted ISL1 by deletion of full coding region (KO) derived extra-embryonic mesenchyme							MOK20015W-F04	JAXPD002	6	days	Yes	extra-embryonic mesenchymal cells	KO	ISL1	ISL1_KO_F04_GT23-12149_TGGTGGCA-TTACAGGA_S17_L001
GT23-12150	ExM-MOK20015C-A06	KOLF2.2 deleted ISL1 by deletion of critical exon (CE) derived extra-embryonic mesenchyme							MOK20015C-A06	JAXPD002	6	days	Yes	extra-embryonic mesenchymal cells	CE	ISL1	ISL1_CE_A06_GT23-12150_GTTCGCCG-CAATGAGC_S24_L001
GT23-12151	ExM-MOK20015C-B05	KOLF2.2 deleted ISL1 by deletion of critical exon (CE) derived extra-embryonic mesenchyme							MOK20015C-B05	JAXPD002	6	days	Yes	extra-embryonic mesenchymal cells	CE	ISL1	ISL1_CE_B05_GT23-12151_CACGAGCG-TGGCAGAT_S27_L001
GT23-12152	ExM-MOK20015C-D01	KOLF2.2 deleted ISL1 by deletion of critical exon (CE) derived extra-embryonic mesenchyme							MOK20015C-D01	JAXPD002	6	days	Yes	extra-embryonic mesenchymal cells	CE	ISL1	ISL1_CE_D01_GT23-12152_TGCGGCGT-TACCGAGG_S15_L001
GT23-12153	ExM-MOK20015P-A10	KOLF2.2 deleted ISL1 by insertion of premature termination codon (PTC) derived extra-embryonic mesenchyme							MOK20015P-A10	JAXPD002	6	days	Yes	extra-embryonic mesenchymal cells	PTC	ISL1	ISL1_PTC_A10_GT23-12153_CATAATAC-CGTTAGAA_S20_L001
GT23-12154	ExM-MOK20015P-C12	KOLF2.2 deleted ISL1 by insertion of premature termination codon (PTC) derived extra-embryonic mesenchyme							MOK20015P-C12	JAXPD002	6	days	Yes	extra-embryonic mesenchymal cells	PTC	ISL1	ISL1_PTC_C12_GT23-12154_GATCTATC-AGCCTCAT_S21_L001
GT23-12155	ExM-MOK20015P-D10	KOLF2.2 deleted ISL1 by insertion of premature termination codon (PTC) derived extra-embryonic mesenchyme							MOK20015P-D10	JAXPD002	6	days	Yes	extra-embryonic mesenchymal cells	PTC	ISL1	ISL1_PTC_D10_GT23-12155_AGCTCGCT-GATTCTGC_S32_L001
