biomaterial_id	lib_biomaterial_id	differentiated_biomaterial_id	differentiated_biomaterial_description	differentiation_protocol	differentiated_timepoint_value	differentiated_timepoint_unit	differentiated_terminally_differentiated	model_organ	ko_strategy	ko_gene	library_preparation_protocol	dissociation_protocol	fragment_size	input_amount	input_unit	final_yield	final_yield_unit	lib_concentration	lib_concentration_unit	PCR_cycle	PCR_cycle_sample_index	file_id	sequencing_protocol	run_id	biomaterial_description	derived_cell_line_accession	clone_id	protocol_id	zygosity	type
MOK20011-WT1	GT23-13719	PrS-MOK20011-WT1	KOLF2.2 derived primitive syncytium	JAXPD001	6	days	Yes	extra-embryonic primitive syncytial cells	WT	WT	JAXPL001	N.A	417	300	ngs	190	ngs	34.517840273236	nM	10	NA	RUNX1_WT1_GT23-13719_CCAAGTCT-TCATCCTT_S170_L003	JAXPS001	20231124_23-robson-013	KOLF2.2	KOLF2.2J	WT1	N.A	N.A	iPSC
MOK20011-WT2	GT23-13720	PrS-MOK20011-WT2	KOLF2.2 derived primitive syncytium	JAXPD001	6	days	Yes	extra-embryonic primitive syncytial cells	WT	WT	JAXPL001	N.A	402	300	ngs	91.2	ngs	17.1867933061963	nM	10	NA	RUNX1_WT2_GT23-13720_TTGGACTC-CTGCTTCC_S157_L003	JAXPS001	20231124_23-robson-013	KOLF2.2	KOLF2.2J	WT2	N.A	N.A	iPSC
MOK20011-WT3	GT23-13721	PrS-MOK20011-WT3	KOLF2.2 derived primitive syncytium	JAXPD001	6	days	Yes	extra-embryonic primitive syncytial cells	WT	WT	JAXPL001	N.A	405	300	ngs	200	ngs	37.4111485222596	nM	10	NA	RUNX1_WT3_GT23-13721_GGCTTAAG-GGTCACGA_S174_L003	JAXPS001	20231124_23-robson-013	KOLF2.2	KOLF2.2J	WT3	N.A	N.A	iPSC
MOK20011C-A11	GT23-13725	PrS-MOK20011C-A11	KOLF2.2 deleted RUNX1 by deletion of critical exon (CE) derived primitive syncytium	JAXPD001	6	days	Yes	extra-embryonic primitive syncytial cells	CE	RUNX1	JAXPL001	N.A	417	300	ngs	190	ngs	34.517840273236	nM	10	NA	RUNX1_CE_A11_GT23-13725_ATGTAAGT-CATAGAGT_S161_L003	JAXPS001	20231124_23-robson-013	KOLF2.2 deleted RUNX1 by deletion of critical exon (CE)	KOLF2.2J	A11	JAXPE002	N.A	iPSC
MOK20011C-B02	GT23-13726	PrS-MOK20011C-B02	KOLF2.2 deleted RUNX1 by deletion of critical exon (CE) derived primitive syncytium	JAXPD001	6	days	Yes	extra-embryonic primitive syncytial cells	CE	RUNX1	JAXPL001	N.A	402	300	ngs	91.2	ngs	17.1867933061963	nM	10	NA	RUNX1_CE_B02_GT23-13726_GCACGGAC-TGCGAGAC_S178_L003	JAXPS001	20231124_23-robson-013	KOLF2.2 deleted RUNX1 by deletion of critical exon (CE)	KOLF2.2J	B02	JAXPE002	N.A	iPSC
MOK20011C-D02	GT23-13727	PrS-MOK20011C-D02	KOLF2.2 deleted RUNX1 by deletion of critical exon (CE) derived primitive syncytium	JAXPD001	6	days	Yes	extra-embryonic primitive syncytial cells	CE	RUNX1	JAXPL001	N.A	405	300	ngs	200	ngs	37.4111485222596	nM	10	NA	RUNX1_CE_D02_GT23-13727_GGTACCTT-GACGTCTT_S172_L003	JAXPS001	20231124_23-robson-013	KOLF2.2 deleted RUNX1 by deletion of critical exon (CE)	KOLF2.2J	D02	JAXPE002	N.A	iPSC
MOK20011P-C12	GT23-13728	PrS-MOK20011P-C12	KOLF2.2 deleted RUNX1 by insertion of premature termination codon (PTC) derived primitive syncytium	JAXPD001	6	days	Yes	extra-embryonic primitive syncytial cells	PTC	RUNX1	JAXPL001	N.A	398	300	ngs	141.2	ngs	26.8768082838435	nM	10	NA	RUNX1_PTC_C12_GT23-13728_AACGTTCC-AGTACTCC_S176_L003	JAXPS001	20231124_23-robson-013	KOLF2.2 deleted RUNX1 by insertion of a premature termination codon (PTC)	KOLF2.2J	C12	JAXPE003	N.A	iPSC
MOK20011P-D09	GT23-13729	PrS-MOK20011P-D09	KOLF2.2 deleted RUNX1 by insertion of premature termination codon (PTC) derived primitive syncytium	JAXPD001	6	days	Yes	extra-embryonic primitive syncytial cells	PTC	RUNX1	JAXPL001	N.A	413	300	ngs	218	ngs	39.9882603272434	nM	10	NA	RUNX1_PTC_D09_GT23-13729_GCAGAATT-TGGCCGGT_S167_L003	JAXPS001	20231124_23-robson-013	KOLF2.2 deleted RUNX1 by insertion of a premature termination codon (PTC)	KOLF2.2J	D09	JAXPE003	N.A	iPSC
MOK20011P-F09	GT23-13730	PrS-MOK20011P-F09	KOLF2.2 deleted RUNX1 by insertion of premature termination codon (PTC) derived primitive syncytium	JAXPD001	6	days	Yes	extra-embryonic primitive syncytial cells	PTC	RUNX1	JAXPL001	N.A	407	300	ngs	122.8	ngs	22.8575683121138	nM	10	NA	RUNX1_PTC_F09_GT23-13730_ATGAGGCC-CAATTAAC_S171_L003	JAXPS001	20231124_23-robson-013	KOLF2.2 deleted RUNX1 by insertion of a premature termination codon (PTC)	KOLF2.2J	F09	JAXPE003	N.A	iPSC
MOK20011W-B07	GT23-13722	PrS-MOK20011W-B07	KOLF2.2 deleted RUNX1 by deletion of full coding region (KO) derived primitive syncytium	JAXPD001	6	days	Yes	extra-embryonic primitive syncytial cells	KO	RUNX1	JAXPL001	N.A	423	300	ngs	135.2	ngs	24.21376889462	nM	10	NA	RUNX1_KO_B07_GT23-13722_TGACGAAT-GCCTACTG_S163_L003	JAXPS001	20231124_23-robson-013	KOLF2.2 deleted RUNX1 by deletion of full coding region (KO)	KOLF2.2J	B07	JAXPE001	N.A	iPSC
MOK20011W-F08	GT23-13723	PrS-MOK20011W-F08	KOLF2.2 deleted RUNX1 by deletion of full coding region (KO) derived primitive syncytium	JAXPD001	6	days	Yes	extra-embryonic primitive syncytial cells	KO	RUNX1	JAXPL001	N.A	418	300	ngs	146.4	ngs	26.5332753371031	nM	10	NA	RUNX1_KO_F08_GT23-13723_TAATACAG-GTGAATAT_S173_L003	JAXPS001	20231124_23-robson-013	KOLF2.2 deleted RUNX1 by deletion of full coding region (KO)	KOLF2.2J	F08	JAXPE001	N.A	iPSC
MOK20011W-G07	GT23-13724	PrS-MOK20011W-G07	KOLF2.2 deleted RUNX1 by deletion of full coding region (KO) derived primitive syncytium	JAXPD001	6	days	Yes	extra-embryonic primitive syncytial cells	KO	RUNX1	JAXPL001	N.A	415	300	ngs	160.8	ngs	29.3537787513691	nM	10	NA	RUNX1_KO_G07_GT23-13724_CGGCGTGA-ACAGGCGC_S175_L003	JAXPS001	20231124_23-robson-013	KOLF2.2 deleted RUNX1 by deletion of full coding region (KO)	KOLF2.2J	G07	JAXPE001	N.A	iPSC
MOK20014-WT1	GT23-12156	ExM-MOK20014-WT1	KOLF2.2 derived extra-embryonic mesenchyme	JAXPD002	6	days	Yes	extra-embryonic mesenchymal cells	WT	WT	JAXPL001	N.A	460	300	ngs	37.8	ngs	9.23	nM	10	NA	MEIS1_WT_1__GT23-12156_CGGAACTG-TCGTAGTG_S62_L002	JAXPS001	20231004_23-robson-011	KOLF2.2	KOLF2.2J	WT1	N.A	N.A	iPSC
MOK20014-WT2	GT23-12157	ExM-MOK20014-WT2	KOLF2.2 derived extra-embryonic mesenchyme	JAXPD002	6	days	Yes	extra-embryonic mesenchymal cells	WT	WT	JAXPL001	N.A	428	300	ngs	149.2	ngs	42.6	nM	10	NA	MEIS1_WT_2_GT23-12157_TAAGGTCA-CTACGACA_S9_L001	JAXPS001	20231004_23-robson-011	KOLF2.2	KOLF2.2J	WT2	N.A	N.A	iPSC
MOK20014-WT3	GT23-12158	ExM-MOK20014-WT3	KOLF2.2 derived extra-embryonic mesenchyme	JAXPD002	6	days	Yes	extra-embryonic mesenchymal cells	WT	WT	JAXPL001	N.A	439	300	ngs	157.6	ngs	46.7	nM	10	NA	MEIS1_WT_3_GT23-12158_TTGCCTAG-TAAGTGGT_S22_L001	JAXPS001	20231004_23-robson-011	KOLF2.2	KOLF2.2J	WT3	N.A	N.A	iPSC
MOK20014C-C07	GT23-12163	ExM-MOK20014C-C07	KOLF2.2 deleted MEIS1 by deletion of critical exon (CE) derived extra-embryonic mesenchyme	JAXPD002	6	days	Yes	extra-embryonic mesenchymal cells	CE	MEIS1	JAXPL001	N.A	436	300	ngs	111.2	ngs	26.4	nM	10	NA	MEIS1_CE_C07_GT23-12163_CCTTCACC-GGAGCGTC_S30_L001	JAXPS001	20231004_23-robson-011	KOLF2.2 deleted MEIS1 by deletion of critical exon (CE)	KOLF2.2J	C07	JAXPE002	N.A	iPSC
MOK20014C-E06	GT23-12164	ExM-MOK20014C-E06	KOLF2.2 deleted MEIS1 by deletion of critical exon (CE) derived extra-embryonic mesenchyme	JAXPD002	6	days	Yes	extra-embryonic mesenchymal cells	CE	MEIS1	JAXPL001	N.A	432	300	ngs	152.8	ngs	36.5	nM	10	NA	MEIS1_CE_E06_GT23-12164_GCCACAGG-ATGGCATG_S2_L001	JAXPS001	20231004_23-robson-011	KOLF2.2 deleted MEIS1 by deletion of critical exon (CE)	KOLF2.2J	E06	JAXPE002	N.A	iPSC
MOK20014C-H08	GT23-12162	ExM-MOK20014C-H08	KOLF2.2 deleted MEIS1 by deletion of critical exon (CE) derived extra-embryonic mesenchyme	JAXPD002	6	days	Yes	extra-embryonic mesenchymal cells	CE	MEIS1	JAXPL001	N.A	431	300	ngs	101.2	ngs	24	nM	10	NA	MEIS1_CE_H08_GT23-12162_TTCCTGTT-AAGATACT_S12_L001	JAXPS001	20231004_23-robson-011	KOLF2.2 deleted MEIS1 by deletion of critical exon (CE)	KOLF2.2J	H08	JAXPE002	N.A	iPSC
MOK20014P-F12	GT23-12165	ExM-MOK20014P-F12	KOLF2.2 deleted MEIS1 by insertion of premature termination codon (PTC) derived extra-embryonic mesenchyme	JAXPD002	6	days	Yes	extra-embryonic mesenchymal cells	PTC	MEIS1	JAXPL001	N.A	424	300	ngs	140	ngs	43.4	nM	10	NA	MEIS1_PTC_F12_GT23-12165_ATTGTGAA-GCAATGCA_S8_L001	JAXPS001	20231004_23-robson-011	KOLF2.2 deleted MEIS1 by insertion of a premature termination codon (PTC)	KOLF2.2J	F12	JAXPE003	N.A	iPSC
MOK20014P-G09	GT23-12166	ExM-MOK20014P-G09	KOLF2.2 deleted MEIS1 by insertion of premature termination codon (PTC) derived extra-embryonic mesenchyme	JAXPD002	6	days	Yes	extra-embryonic mesenchymal cells	PTC	MEIS1	JAXPL001	N.A	439	300	ngs	126.8	ngs	31.9	nM	10	NA	MEIS1_PTC_G9_GT23-12166_ACTCGTGT-GTTCCAAT_S4_L001	JAXPS001	20231004_23-robson-011	KOLF2.2 deleted MEIS1 by insertion of a premature termination codon (PTC)	KOLF2.2J	G09	JAXPE003	N.A	iPSC
MOK20014P-G11	GT23-12167	ExM-MOK20014P-G11	KOLF2.2 deleted MEIS1 by insertion of premature termination codon (PTC) derived extra-embryonic mesenchyme	JAXPD002	6	days	Yes	extra-embryonic mesenchymal cells	PTC	MEIS1	JAXPL001	N.A	437	300	ngs	114.8	ngs	27.2	nM	10	NA	MEIS1_PTC_G11_GT23-12167_GTCTACAC-ACCTTGGC_S31_L001	JAXPS001	20231004_23-robson-011	KOLF2.2 deleted MEIS1 by insertion of a premature termination codon (PTC)	KOLF2.2J	G11	JAXPE003	N.A	iPSC
MOK20014W-E03	GT23-12159	ExM-MOK20014W-E03	KOLF2.2 deleted MEIS1 by deletion of full coding region (KO) derived extra-embryonic mesenchyme	JAXPD002	6	days	Yes	extra-embryonic mesenchymal cells	KO	MEIS1	JAXPL001	N.A	426	300	ngs	64.4	ngs	28.7	nM	10	NA	MEIS1_KO_E03_GT23-12159_CCATTCGA-CGGACAAC_S26_L001	JAXPS001	20231004_23-robson-011	KOLF2.2 deleted MEIS1 by deletion of full coding region (KO)	KOLF2.2J	E03	JAXPE001	N.A	iPSC
MOK20014W-F04	GT23-12160	ExM-MOK20014W-F04	KOLF2.2 deleted MEIS1 by deletion of full coding region (KO) derived extra-embryonic mesenchyme	JAXPD002	6	days	Yes	extra-embryonic mesenchymal cells	KO	MEIS1	JAXPL001	N.A	428	300	ngs	150.4	ngs	38.6	nM	10	NA	MEIS1_KO_F04_GT23-12160_ACACTAAG-ATATGGAT_S11_L001	JAXPS001	20231004_23-robson-011	KOLF2.2 deleted MEIS1 by deletion of full coding region (KO)	KOLF2.2J	F04	JAXPE001	N.A	iPSC
MOK20014W-H03	GT23-12161	ExM-MOK20014W-H03	KOLF2.2 deleted MEIS1 by deletion of full coding region (KO) derived extra-embryonic mesenchyme	JAXPD002	6	days	Yes	extra-embryonic mesenchymal cells	KO	MEIS1	JAXPL001	N.A	447	300	ngs	96.8	ngs	24.1	nM	10	NA	MEIS1_KO_H03_GT23-12161_GTGTCGGA-GCGCAAGC_S25_L001	JAXPS001	20231004_23-robson-011	KOLF2.2 deleted MEIS1 by deletion of full coding region (KO)	KOLF2.2J	H03	JAXPE001	N.A	iPSC
MOK20016-WT1	GT23-10876	PrS-MOK20016-WT1	KOLF2.2 derived primitive syncytium	JAXPD001	6	days	Yes	extra-embryonic primitive syncytial cells	WT	WT	JAXPL001	N.A	423	300	ngs	199.8	ngs	39.5	nM	10	NA	MDX1_KOLF2_1_GT23-10876_GGCATTCT-CAAGCTAG_S8_L001	JAXPS001	20230809_23-robson-007-run2	KOLF2.2	KOLF2.2J	WT1	N.A	N.A	iPSC
MOK20016-WT2	GT23-10877	PrS-MOK20016-WT2	KOLF2.2 derived primitive syncytium	JAXPD001	6	days	Yes	extra-embryonic primitive syncytial cells	WT	WT	JAXPL001	N.A	411	300	ngs	134.2	ngs	27.2	nM	10	NA	MDX1_KOLF2_2_GT23-10877_AATGCCTC-TGGATCGA_S3_L001	JAXPS001	20230809_23-robson-007-run2	KOLF2.2	KOLF2.2J	WT2	N.A	N.A	iPSC
MOK20016-WT3	GT23-10878	PrS-MOK20016-WT3	KOLF2.2 derived primitive syncytium	JAXPD001	6	days	Yes	extra-embryonic primitive syncytial cells	WT	WT	JAXPL001	N.A	419	300	ngs	248	ngs	49.7	nM	10	NA	MDX1_KOLF2_3_GT23-10878_TACCGAGG-AGTTCAGG_S13_L001	JAXPS001	20230809_23-robson-007-run2	KOLF2.2	KOLF2.2J	WT3	N.A	N.A	iPSC
MOK20016C-F07	GT23-10885	PrS-MOK20016C-F07	KOLF2.2 deleted MXD1 by deletion of critical exon (CE) derived primitive syncytium	JAXPD001	6	days	Yes	extra-embryonic primitive syncytial cells	CE	MXD1	JAXPL001	N.A	421	300	ngs	212	ngs	42.1	nM	10	NA	MDX1_CE_F07_GT23-10885_CGGACAAC-AATCCGGA_S40_L001	JAXPS001	20230809_23-robson-007-run2	KOLF2.2 deleted MXD1 by deletion of critical exon (CE)	KOLF2.2J	F07	JAXPE002	N.A	iPSC
MOK20016C-H05	GT23-10886	PrS-MOK20016C-H05	KOLF2.2 deleted MXD1 by deletion of critical exon (CE) derived primitive syncytium	JAXPD001	6	days	Yes	extra-embryonic primitive syncytial cells	CE	MXD1	JAXPL001	N.A	409	300	ngs	216	ngs	44.2	nM	10	NA	MDX1_CE_H05_GT23-10886_ATATGGAT-TAATACAG_S10_L001	JAXPS001	20230809_23-robson-007-run2	KOLF2.2 deleted MXD1 by deletion of critical exon (CE)	KOLF2.2J	H05	JAXPE002	N.A	iPSC
MOK20016C-H08	GT23-10887	PrS-MOK20016C-H08	KOLF2.2 deleted MXD1 by deletion of critical exon (CE) derived primitive syncytium	JAXPD001	6	days	Yes	extra-embryonic primitive syncytial cells	CE	MXD1	JAXPL001	N.A	410	300	ngs	192.8	ngs	39.1	nM	10	NA	MDX1_CE_H08_GT23-10887_GCGCAAGC-CGGCGTGA_S25_L001	JAXPS001	20230809_23-robson-007-run2	KOLF2.2 deleted MXD1 by deletion of critical exon (CE)	KOLF2.2J	H08	JAXPE002	N.A	iPSC
MOK20016P-B10	GT23-10882	PrS-MOK20016P-B10	KOLF2.2 deleted MXD1 by insertion of premature termination codon (PTC) derived primitive syncytium	JAXPD001	6	days	Yes	extra-embryonic primitive syncytial cells	PTC	MXD1	JAXPL001	N.A	416	300	ngs	388	ngs	78	nM	10	NA	MDX1_PTC_B10_GT23-10882_TCGTAGTG-CCAAGTCT_S4_L001	JAXPS001	20230809_23-robson-007-run2	KOLF2.2 deleted MXD1 by insertion of a premature termination codon (PTC)	KOLF2.2J	B10	JAXPE003	N.A	iPSC
MOK20016P-C11	GT23-10883	PrS-MOK20016P-C11	KOLF2.2 deleted MXD1 by insertion of premature termination codon (PTC) derived primitive syncytium	JAXPD001	6	days	Yes	extra-embryonic primitive syncytial cells	PTC	MXD1	JAXPL001	N.A	414	300	ngs	160.2	ngs	32.2	nM	10	NA	MDX1_PTC_C11_GT23-10883_CTACGACA-TTGGACTC_S18_L001	JAXPS001	20230809_23-robson-007-run2	KOLF2.2 deleted MXD1 by insertion of a premature termination codon (PTC)	KOLF2.2J	C11	JAXPE003	N.A	iPSC
MOK20016P-G10	GT23-10884	PrS-MOK20016P-G10	KOLF2.2 deleted MXD1 by insertion of premature termination codon (PTC) derived primitive syncytium	JAXPD001	6	days	Yes	extra-embryonic primitive syncytial cells	PTC	MXD1	JAXPL001	N.A	435	300	ngs	300	ngs	57.6	nM	10	NA	MDX1_PTC_G10_GT23-10884_TAAGTGGT-GGCTTAAG_S34_L001	JAXPS001	20230809_23-robson-007-run2	KOLF2.2 deleted MXD1 by insertion of a premature termination codon (PTC)	KOLF2.2J	G10	JAXPE003	N.A	iPSC
MOK20016W-C03	GT23-10879	PrS-MOK20016W-C03	KOLF2.2 deleted MXD1 by deletion of full coding region (KO) derived primitive syncytium	JAXPD001	6	days	Yes	extra-embryonic primitive syncytial cells	KO	MXD1	JAXPL001	N.A	385	300	ngs	103.6	ngs	22.2	nM	10	NA	MDX1_KO_C03_GT23-10879_CGTTAGAA-GACCTGAA_S5_L001	JAXPS001	20230809_23-robson-007-run2	KOLF2.2 deleted MXD1 by deletion of full coding region (KO)	KOLF2.2J	C03	JAXPE001	N.A	iPSC
MOK20016W-C04	GT23-10880	PrS-MOK20016W-C04	KOLF2.2 deleted MXD1 by deletion of full coding region (KO) derived primitive syncytium	JAXPD001	6	days	Yes	extra-embryonic primitive syncytial cells	KO	MXD1	JAXPL001	N.A	395	300	ngs	49.4	ngs	10.4	nM	10	NA	MDX1_KO_C04_GT23-10880_AGCCTCAT-TCTCTACT_S11_L001	JAXPS001	20230809_23-robson-007-run2	KOLF2.2 deleted MXD1 by deletion of full coding region (KO)	KOLF2.2J	C04	JAXPE001	N.A	iPSC
MOK20016W-D01	GT23-10881	PrS-MOK20016W-D01	KOLF2.2 deleted MXD1 by deletion of full coding region (KO) derived primitive syncytium	JAXPD001	6	days	Yes	extra-embryonic primitive syncytial cells	KO	MXD1	JAXPL001	N.A	429	300	ngs	200	ngs	39	nM	10	NA	MDX1_KO_D01_GT23-10881_GATTCTGC-CTCTCGTC_S9_L001	JAXPS001	20230809_23-robson-007-run2	KOLF2.2 deleted MXD1 by deletion of full coding region (KO)	KOLF2.2J	D01	JAXPE001	N.A	iPSC
MOK20024-WT1	GT23-13707	ExM-MOK20024-WT1	KOLF2.2 derived extra-embryonic mesenchyme	JAXPD002	6	days	Yes	extra-embryonic mesenchymal cells	WT	WT	JAXPL001	N.A	425	300	ngs	174	ngs	31.0160427807487	nM	10	NA	MEF2C_WT1_GT23-13707_CCGCGGTT-CTAGCGCT_S165_L003	JAXPS001	20231124_23-robson-013	KOLF2.2	KOLF2.2J	WT1	N.A	N.A	iPSC
MOK20024-WT2	GT23-13708	ExM-MOK20024-WT2	KOLF2.2 derived extra-embryonic mesenchyme	JAXPD002	6	days	Yes	extra-embryonic mesenchymal cells	WT	WT	JAXPL001	N.A	400	300	ngs	105.2	ngs	19.9242424242424	nM	10	NA	MEF2C_WT2_GT23-13708_TTATAACC-TCGATATC_S162_L003	JAXPS001	20231124_23-robson-013	KOLF2.2	KOLF2.2J	WT2	N.A	N.A	iPSC
MOK20024-WT3	GT23-13709	ExM-MOK20024-WT3	KOLF2.2 derived extra-embryonic mesenchyme	JAXPD002	6	days	Yes	extra-embryonic mesenchymal cells	WT	WT	JAXPL001	N.A	404	300	ngs	199.2	ngs	37.3537353735374	nM	10	NA	MEF2C_WT3_GT23-13709_GGACTTGG-CGTCTGCG_S166_L003	JAXPS001	20231124_23-robson-013	KOLF2.2	KOLF2.2J	WT3	N.A	N.A	iPSC
MOK20024C-A05	GT23-13713	ExM-MOK20024C-A05	KOLF2.2 deleted MEF2C by deletion of critical exon (CE) derived extra-embryonic mesenchyme	JAXPD002	6	days	Yes	extra-embryonic mesenchymal cells	CE	MEF2C	JAXPL001	N.A	459	300	ngs	161	ngs	26.6059285667129	nM	10	NA	MEF2C_CE_A05_GT23-13713_CAAGCTAG-CGCTATGT_S168_L003	JAXPS001	20231124_23-robson-013	KOLF2.2 deleted MEF2C by deletion of critical exon (CE)	KOLF2.2J	A05	JAXPE002	N.A	iPSC
MOK20024C-C07	GT23-13714	ExM-MOK20024C-C07	KOLF2.2 deleted MEF2C by deletion of critical exon (CE) derived extra-embryonic mesenchyme	JAXPD002	6	days	Yes	extra-embryonic mesenchymal cells	CE	MEF2C	JAXPL001	N.A	426	300	ngs	143.6	ngs	25.5370607483284	nM	10	NA	MEF2C_CE_C07_GT23-13714_TGGATCGA-TATCGCAC_S158_L003	JAXPS001	20231124_23-robson-013	KOLF2.2 deleted MEF2C by deletion of critical exon (CE)	KOLF2.2J	C07	JAXPE002	N.A	iPSC
MOK20024C-D08	GT23-13715	ExM-MOK20024C-D08	KOLF2.2 deleted MEF2C by deletion of critical exon (CE) derived extra-embryonic mesenchyme	JAXPD002	6	days	Yes	extra-embryonic mesenchymal cells	CE	MEF2C	JAXPL001	N.A	421	300	ngs	68.4	ngs	12.31	nM	10	NA	MEF2C_CE_D08_GT23-13715_AGTTCAGG-TCTGTTGG_S159_L003	JAXPS001	20231124_23-robson-013	KOLF2.2 deleted MEF2C by deletion of critical exon (CE)	KOLF2.2J	D08	JAXPE002	N.A	iPSC
MOK20024P-A01	GT23-13716	ExM-MOK20024P-A01	KOLF2.2 deleted MEF2C by insertion of premature termination codon (PTC) derived extra-embryonic mesenchyme	JAXPD002	6	days	Yes	extra-embryonic mesenchymal cells	PTC	MEF2C	JAXPL001	N.A	398	300	ngs	76.4	ngs	14.5424090147708	nM	10	NA	MEF2C_PTC_A01_GT23-13716_GACCTGAA-CTCACCAA_S160_L003	JAXPS001	20231124_23-robson-013	KOLF2.2 deleted MEF2C by insertion of a premature termination codon (PTC)	KOLF2.2J	A01	JAXPE003	N.A	iPSC
MOK20024P-B03	GT23-13717	ExM-MOK20024P-B03	KOLF2.2 deleted MEF2C by insertion of premature termination codon (PTC) derived extra-embryonic mesenchyme	JAXPD002	6	days	Yes	extra-embryonic mesenchymal cells	PTC	MEF2C	JAXPL001	N.A	412	300	ngs	188.8	ngs	34.7160929685202	nM	10	NA	MEF2C_PTC_B03_GT23-13717_TCTCTACT-GAACCGCG_S177_L003	JAXPS001	20231124_23-robson-013	KOLF2.2 deleted MEF2C by insertion of a premature termination codon (PTC)	KOLF2.2J	B03	JAXPE003	N.A	iPSC
MOK20024P-D07	GT23-13718	ExM-MOK20024P-D07	KOLF2.2 deleted MEF2C by insertion of premature termination codon (PTC) derived extra-embryonic mesenchyme	JAXPD002	6	days	Yes	extra-embryonic mesenchymal cells	PTC	MEF2C	JAXPL001	N.A	417	300	ngs	117.2	ngs	21.2920572632803	nM	10	NA	MEF2C_PTC_D07_GT23-13718_CTCTCGTC-AGGTTATA_S156_L003	JAXPS001	20231124_23-robson-013	KOLF2.2 deleted MEF2C by insertion of a premature termination codon (PTC)	KOLF2.2J	D07	JAXPE003	N.A	iPSC
MOK20024W-B01	GT23-13710	ExM-MOK20024W-B01	KOLF2.2 deleted MEF2C by deletion of full coding region (KO) derived extra-embryonic mesenchyme	JAXPD002	6	days	Yes	extra-embryonic mesenchymal cells	KO	MEF2C	JAXPL001	N.A	404	300	ngs	87.6	ngs	16.4266426642664	nM	10	NA	MEF2C_KO_B01_GT23-13710_AAGTCCAA-TACTCATA_S164_L003	JAXPS001	20231124_23-robson-013	KOLF2.2 deleted MEF2C by deletion of full coding region (KO)	KOLF2.2J	B01	JAXPE001	N.A	iPSC
MOK20024W-D03	GT23-13711	ExM-MOK20024W-D03	KOLF2.2 deleted MEF2C by deletion of full coding region (KO) derived extra-embryonic mesenchyme	JAXPD002	6	days	Yes	extra-embryonic mesenchymal cells	KO	MEF2C	JAXPL001	N.A	414	300	ngs	282	ngs	51.6029863855951	nM	10	NA	MEF2C_KO_D03_GT23-13711_ATCCACTG-ACGCACCT_S169_L003	JAXPS001	20231124_23-robson-013	KOLF2.2 deleted MEF2C by deletion of full coding region (KO)	KOLF2.2J	D03	JAXPE001	N.A	iPSC
MOK20024W-G01	GT23-13712	ExM-MOK20024W-G01	KOLF2.2 deleted MEF2C by deletion of full coding region (KO) derived extra-embryonic mesenchyme	JAXPD002	6	days	Yes	extra-embryonic mesenchymal cells	KO	MEF2C	JAXPL001	N.A	406	300	ngs	240	ngs	44.7828034034931	nM	10	NA	MEF2C_KO_G01_GT23-13712_GCTTGTCA-GTATGTTC_S179_L003	JAXPS001	20231124_23-robson-013	KOLF2.2 deleted MEF2C by deletion of full coding region (KO)	KOLF2.2J	G01	JAXPE001	N.A	iPSC
MOK20025-WT1	GT23-12168	ExM-MOK20025-WT1	KOLF2.2 derived extra-embryonic mesenchyme	JAXPD002	6	days	Yes	extra-embryonic mesenchymal cells	WT	WT	JAXPL001	N.A	422	300	ngs	87.6	ngs	21.1	nM	10	NA	MEIS2_WT_1_GT23-12168_CAATTAAC-ATATCTCG_S18_L001	JAXPS001	20231004_23-robson-011	KOLF2.2	KOLF2.2J	WT1	N.A	N.A	iPSC
MOK20025-WT2	GT23-12169	ExM-MOK20025-WT2	KOLF2.2 derived extra-embryonic mesenchyme	JAXPD002	6	days	Yes	extra-embryonic mesenchymal cells	WT	WT	JAXPL001	N.A	440	300	ngs	58.8	ngs	15.9	nM	10	NA	MEIS2_WT_2_GT23-12169_TGGCCGGT-GCGCTCTA_S6_L001	JAXPS001	20231004_23-robson-011	KOLF2.2	KOLF2.2J	WT2	N.A	N.A	iPSC
MOK20025-WT3	GT23-12170	ExM-MOK20025-WT3	KOLF2.2 derived extra-embryonic mesenchyme	JAXPD002	6	days	Yes	extra-embryonic mesenchymal cells	WT	WT	JAXPL001	N.A	453	300	ngs	100.4	ngs	23.2	nM	10	NA	MEIS2_WT_3_GT23-12170_AGTACTCC-AACAGGTT_S13_L001	JAXPS001	20231004_23-robson-011	KOLF2.2	KOLF2.2J	WT3	N.A	N.A	iPSC
MOK20025C-A06	GT23-12174	ExM-MOK20025C-A06	KOLF2.2 deleted MEIS2 by deletion of critical exon (CE) derived extra-embryonic mesenchyme	JAXPD002	6	days	Yes	extra-embryonic mesenchymal cells	CE	MEIS2	JAXPL001	N.A	436	300	ngs	89.6	ngs	21.9	nM	10	NA	MEIS2_CE_A06_GT23-12174_TGCGAGAC-CAACAATG_S1_L001	JAXPS001	20231004_23-robson-011	KOLF2.2 deleted MEIS2 by deletion of critical exon (CE)	KOLF2.2J	A06	JAXPE002	N.A	iPSC
MOK20025C-C06	GT23-12175	ExM-MOK20025C-C06	KOLF2.2 deleted MEIS2 by deletion of critical exon (CE) derived extra-embryonic mesenchyme	JAXPD002	6	days	Yes	extra-embryonic mesenchymal cells	CE	MEIS2	JAXPL001	N.A	429	300	ngs	121.6	ngs	30.2	nM	10	NA	MEIS2_CE_C06_GT23-12175_CATAGAGT-TGGTGGCA_S10_L001	JAXPS001	20231004_23-robson-011	KOLF2.2 deleted MEIS2 by deletion of critical exon (CE)	KOLF2.2J	C06	JAXPE002	N.A	iPSC
MOK20025C-C08	GT23-12176	ExM-MOK20025C-C08	KOLF2.2 deleted MEIS2 by deletion of critical exon (CE) derived extra-embryonic mesenchyme	JAXPD002	6	days	Yes	extra-embryonic mesenchymal cells	CE	MEIS2	JAXPL001	N.A	440	300	ngs	50.4	ngs	13.4	nM	10	NA	MEIS2_CE_C08_GT23-12176_ACAGGCGC-AGGCAGAG_S7_L001	JAXPS001	20231004_23-robson-011	KOLF2.2 deleted MEIS2 by deletion of critical exon (CE)	KOLF2.2J	C08	JAXPE002	N.A	iPSC
MOK20025P-B09	GT23-12177	ExM-MOK20025P-B09	KOLF2.2 deleted MEIS2 by insertion of premature termination codon (PTC) derived extra-embryonic mesenchyme	JAXPD002	6	days	Yes	extra-embryonic mesenchymal cells	PTC	MEIS2	JAXPL001	N.A	416	300	ngs	166	ngs	41.4	nM	10	NA	MEIS2_PTC_B09_GT23-12177_GTGAATAT-GAATGAGA_S19_L001	JAXPS001	20231004_23-robson-011	KOLF2.2 deleted MEIS2 by insertion of a premature termination codon (PTC)	KOLF2.2J	B09	JAXPE003	N.A	iPSC
MOK20025P-E11	GT23-12178	ExM-MOK20025P-E11	KOLF2.2 deleted MEIS2 by insertion of premature termination codon (PTC) derived extra-embryonic mesenchyme	JAXPD002	6	days	Yes	extra-embryonic mesenchymal cells	PTC	MEIS2	JAXPL001	N.A	428	300	ngs	160	ngs	36.2	nM	10	NA	MEIS2_PTC_E11_GT23-12178_AACTGTAG-TGCGGCGT_S16_L001	JAXPS001	20231004_23-robson-011	KOLF2.2 deleted MEIS2 by insertion of a premature termination codon (PTC)	KOLF2.2J	E11	JAXPE003	N.A	iPSC
MOK20025P-G09	GT23-12179	ExM-MOK20025P-G09	KOLF2.2 deleted MEIS2 by insertion of premature termination codon (PTC) derived extra-embryonic mesenchyme	JAXPD002	6	days	Yes	extra-embryonic mesenchymal cells	PTC	MEIS2	JAXPL001	N.A	434	300	ngs	152.8	ngs	30.3	nM	10	NA	MEIS2_PTC_G09_GT23-12179_GGTCACGA-CATAATAC_S14_L001	JAXPS001	20231004_23-robson-011	KOLF2.2 deleted MEIS2 by insertion of a premature termination codon (PTC)	KOLF2.2J	G09	JAXPE003	N.A	iPSC
MOK20025W-C02	GT23-12173	ExM-MOK20025W-C02	KOLF2.2 deleted MEIS2 by deletion of full coding region (KO) derived extra-embryonic mesenchyme	JAXPD002	6	days	Yes	extra-embryonic mesenchymal cells	KO	MEIS2	JAXPL001	N.A	440	300	ngs	79.6	ngs	19.3	nM	10	NA	MEIS2_KO_C02_GT23-12173_GACGTCTT-GGTGAACC_S28_L001	JAXPS001	20231004_23-robson-011	KOLF2.2 deleted MEIS2 by deletion of full coding region (KO)	KOLF2.2J	C02	JAXPE001	N.A	iPSC
MOK20044-WT1	GT24-01175	PrS-MOK20044-WT1	KOLF2.2 derived primitive syncytium	JAXPD001	6	days	Yes	extra-embryonic primitive syncytial cells	WT	WT	JAXPL001	N.A	393	300	ngs	200	ngs	38.5534736679775	nM	10	NA	NC0A3_WT_1_GT24-01175_AACGTTCC-AGTACTCC_S144_L005	JAXPS001	20240307_24-robson-005	KOLF2.2	KOLF2.2J	WT1	N.A	N.A	iPSC
MOK20044-WT2	GT24-01176	PrS-MOK20044-WT2	KOLF2.2 derived primitive syncytium	JAXPD001	6	days	Yes	extra-embryonic primitive syncytial cells	WT	WT	JAXPL001	N.A	396	300	ngs	296	ngs	56.626874808693	nM	10	NA	NC0A3_WT_2_GT24-01176_GCAGAATT-TGGCCGGT_S146_L005	JAXPS001	20240307_24-robson-005	KOLF2.2	KOLF2.2J	WT2	N.A	N.A	iPSC
MOK20044-WT3	GT24-01177	PrS-MOK20044-WT3	KOLF2.2 derived primitive syncytium	JAXPD001	6	days	Yes	extra-embryonic primitive syncytial cells	WT	WT	JAXPL001	N.A	384	300	ngs	131.6	ngs	25.9627525252525	nM	10	NA	NC0A3_WT_3_GT24-01177_ATGAGGCC-CAATTAAC_S131_L005	JAXPS001	20240307_24-robson-005	KOLF2.2	KOLF2.2J	WT3	N.A	N.A	iPSC
MOK20044C-F08	GT24-01169	PrS-MOK20044C-F08	KOLF2.2 deleted NCOA3 by deletion of critical exon (CE) derived primitive syncytium	JAXPD001	6	days	Yes	extra-embryonic primitive syncytial cells	CE	NCOA3	JAXPL001	N.A	383	300	ngs	176.4	ngs	34.8920009494422	nM	10	NA	NC0A3_CE_F08_GT24-01169_TGACGAAT-GCCTACTG_S137_L005	JAXPS001	20240307_24-robson-005	KOLF2.2 deleted NCOA3 by deletion of critical exon (CE)	KOLF2.2J	F08	JAXPE002	N.A	iPSC
MOK20044C-G05	GT24-01170	PrS-MOK20044C-G05	KOLF2.2 deleted NCOA3 by deletion of critical exon (CE) derived primitive syncytium	JAXPD001	6	days	Yes	extra-embryonic primitive syncytial cells	CE	NCOA3	JAXPL001	N.A	400	300	ngs	304	ngs	57.5757575757576	nM	10	NA	NC0A3_CE_G05_GT24-01170_TAATACAG-GTGAATAT_S130_L005	JAXPS001	20240307_24-robson-005	KOLF2.2 deleted NCOA3 by deletion of critical exon (CE)	KOLF2.2J	G05	JAXPE002	N.A	iPSC
MOK20044C-H06	GT24-01171	PrS-MOK20044C-H06	KOLF2.2 deleted NCOA3 by deletion of critical exon (CE) derived primitive syncytium	JAXPD001	6	days	Yes	extra-embryonic primitive syncytial cells	CE	NCOA3	JAXPL001	N.A	411	300	ngs	294	ngs	54.1915505419155	nM	10	NA	NC0A3_CE_H06_GT24-01171_CGGCGTGA-ACAGGCGC_S141_L005	JAXPS001	20240307_24-robson-005	KOLF2.2 deleted NCOA3 by deletion of critical exon (CE)	KOLF2.2J	H06	JAXPE002	N.A	iPSC
MOK20044P-A10	GT24-01172	PrS-MOK20044P-A10	KOLF2.2 deleted NCOA3 by insertion of premature termination codon (PTC) derived primitive syncytium	JAXPD001	6	days	Yes	extra-embryonic primitive syncytial cells	PTC	NCOA3	JAXPL001	N.A	416	300	ngs	390	ngs	71.0227272727273	nM	10	NA	NC0A3_PTC_A10_GT24-01172_ATGTAAGT-CATAGAGT_S132_L005	JAXPS001	20240307_24-robson-005	KOLF2.2 deleted NCOA3 by insertion of a premature termination codon (PTC)	KOLF2.2J	A10	JAXPE003	N.A	iPSC
MOK20044P-A11	GT24-01173	PrS-MOK20044P-A11	KOLF2.2 deleted NCOA3 by insertion of premature termination codon (PTC) derived primitive syncytium	JAXPD001	6	days	Yes	extra-embryonic primitive syncytial cells	PTC	NCOA3	JAXPL001	N.A	404	300	ngs	230	ngs	43.1293129312931	nM	10	NA	NC0A3_PTC_A11_GT24-01173_GCACGGAC-TGCGAGAC_S149_L005	JAXPS001	20240307_24-robson-005	KOLF2.2 deleted NCOA3 by insertion of a premature termination codon (PTC)	KOLF2.2J	A11	JAXPE003	N.A	iPSC
MOK20044P-F10	GT24-01174	PrS-MOK20044P-F10	KOLF2.2 deleted NCOA3 by insertion of premature termination codon (PTC) derived primitive syncytium	JAXPD001	6	days	Yes	extra-embryonic primitive syncytial cells	PTC	NCOA3	JAXPL001	N.A	403	300	ngs	208	ngs	39.1006842619746	nM	10	NA	NC0A3_PTC_F10_GT24-01174_GGTACCTT-GACGTCTT_S151_L005	JAXPS001	20240307_24-robson-005	KOLF2.2 deleted NCOA3 by insertion of a premature termination codon (PTC)	KOLF2.2J	F10	JAXPE003	N.A	iPSC
MOK20044W-A02	GT24-01166	PrS-MOK20044W-A02	KOLF2.2 deleted NCOA3 by deletion of full coding region (KO) derived primitive syncytium	JAXPD001	6	days	Yes	extra-embryonic primitive syncytial cells	KO	NCOA3	JAXPL001	N.A	409	300	ngs	65.6	ngs	12.1508483366674	nM	10	NA	NC0A3_KO_A02_GT24-01166_CCAAGTCT-TCATCCTT_S138_L005	JAXPS001	20240307_24-robson-005	KOLF2.2 deleted NCOA3 by deletion of full coding region (KO)	KOLF2.2J	A02	JAXPE001	N.A	iPSC
MOK20044W-A12	GT24-01167	PrS-MOK20044W-A12	KOLF2.2 deleted NCOA3 by deletion of full coding region (KO) derived primitive syncytium	JAXPD001	6	days	Yes	extra-embryonic primitive syncytial cells	KO	NCOA3	JAXPL001	N.A	398	300	ngs	91.6	ngs	17.4356631643064	nM	10	NA	NC0A3_KO_A12_GT24-01167_TTGGACTC-CTGCTTCC_S147_L005	JAXPS001	20240307_24-robson-005	KOLF2.2 deleted NCOA3 by deletion of full coding region (KO)	KOLF2.2J	A12	JAXPE001	N.A	iPSC
MOK20044W-D11	GT24-01168	PrS-MOK20044W-D11	KOLF2.2 deleted NCOA3 by deletion of full coding region (KO) derived primitive syncytium	JAXPD001	6	days	Yes	extra-embryonic primitive syncytial cells	KO	NCOA3	JAXPL001	N.A	388	300	ngs	169.6	ngs	33.1146516713527	nM	10	NA	NC0A3_KO_D11_GT24-01168_CAGTAGGC-ATTCGTCA_S133_L005	JAXPS001	20240307_24-robson-005	KOLF2.2 deleted NCOA3 by deletion of full coding region (KO)	KOLF2.2J	D11	JAXPE001	N.A	iPSC
MOK20045-WT1	GT24-00872	PrS-MOK20045-WT1	KOLF2.2 derived primitive syncytium	JAXPD001	6	days	Yes	extra-embryonic primitive syncytial cells	WT	WT	JAXPL001	N.A	474	300	ngs	58.52	ngs	8.50274900907812	nM	10	NA	BMLHE40_WT_1_GT24-00872_GTGTCGGA-GCGCAAGC_S193_L007	JAXPS001	20240307_24-robson-002	KOLF2.2	KOLF2.2J	WT1	N.A	N.A	iPSC
MOK20045-WT2	GT24-00873	PrS-MOK20045-WT2	KOLF2.2 derived primitive syncytium	JAXPD001	6	days	Yes	extra-embryonic primitive syncytial cells	WT	WT	JAXPL001	N.A	481	300	ngs	170.28	ngs	24.3810243810244	nM	10	NA	BMLHE40_WT_2_GT24-00873_TTCCTGTT-AAGATACT_S191_L007	JAXPS001	20240307_24-robson-002	KOLF2.2	KOLF2.2J	WT2	N.A	N.A	iPSC
MOK20045-WT3	GT24-00874	PrS-MOK20045-WT3	KOLF2.2 derived primitive syncytium	JAXPD001	6	days	Yes	extra-embryonic primitive syncytial cells	WT	WT	JAXPL001	N.A	461	300	ngs	175.56	ngs	26.2275685269178	nM	10	NA	BMLHE40_WT_3_GT24-00874_CCTTCACC-GGAGCGTC_S188_L007	JAXPS001	20240307_24-robson-002	KOLF2.2	KOLF2.2J	WT3	N.A	N.A	iPSC
MOK20045C-A06	GT24-00866	PrS-MOK20045C-A06	KOLF2.2 deleted BHLHE40 by deletion of critical exon (CE) derived primitive syncytium	JAXPD001	6	days	Yes	extra-embryonic primitive syncytial cells	CE	BHLHE40	JAXPL001	N.A	464	300	ngs	224.4	ngs	33.307210031348	nM	10	NA	BMLHE40_CE_A06_GT24-00866_AGCTCGCT-GATTCTGC_S190_L007	JAXPS001	20240307_24-robson-002	KOLF2.2 deleted BHLHE40 by deletion of critical exon (CE)	KOLF2.2J	A06	JAXPE002	N.A	iPSC
MOK20045C-B06	GT24-00867	PrS-MOK20045C-B06	KOLF2.2 deleted BHLHE40 by deletion of critical exon (CE) derived primitive syncytium	JAXPD001	6	days	Yes	extra-embryonic primitive syncytial cells	CE	BHLHE40	JAXPL001	N.A	480	300	ngs	125.84	ngs	18.0555555555556	nM	10	NA	BMLHE40_CE_B06_GT24-00867_CGGAACTG-TCGTAGTG_S194_L007	JAXPS001	20240307_24-robson-002	KOLF2.2 deleted BHLHE40 by deletion of critical exon (CE)	KOLF2.2J	B06	JAXPE002	N.A	iPSC
MOK20045C-H05	GT24-00868	PrS-MOK20045C-H05	KOLF2.2 deleted BHLHE40 by deletion of critical exon (CE) derived primitive syncytium	JAXPD001	6	days	Yes	extra-embryonic primitive syncytial cells	CE	BHLHE40	JAXPL001	N.A	495	300	ngs	54.12	ngs	7.52984389348026	nM	10	NA	BMLHE40_CE_H05_GT24-00868_TAAGGTCA-CTACGACA_S192_L007	JAXPS001	20240307_24-robson-002	KOLF2.2 deleted BHLHE40 by deletion of critical exon (CE)	KOLF2.2J	H05	JAXPE002	N.A	iPSC
MOK20045P-B12	GT24-00869	PrS-MOK20045P-B12	KOLF2.2 deleted BHLHE40 by insertion of premature termination codon (PTC) derived primitive syncytium	JAXPD001	6	days	Yes	extra-embryonic primitive syncytial cells	PTC	BHLHE40	JAXPL001	N.A	462	300	ngs	147.84	ngs	22.0385674931129	nM	10	NA	BMLHE40_PTC_B12_GT24-00869_TTGCCTAG-TAAGTGGT_S196_L007	JAXPS001	20240307_24-robson-002	KOLF2.2 deleted BHLHE40 by insertion of a premature termination codon (PTC)	KOLF2.2J	B12	JAXPE003	N.A	iPSC
MOK20045P-C11	GT24-00870	PrS-MOK20045P-C11	KOLF2.2 deleted BHLHE40 by insertion of premature termination codon (PTC) derived primitive syncytium	JAXPD001	6	days	Yes	extra-embryonic primitive syncytial cells	PTC	BHLHE40	JAXPL001	N.A	460	300	ngs	66.88	ngs	10.0131752305665	nM	10	NA	BMLHE40_PTC_C11_GT24-00870_CCATTCGA-CGGACAAC_S197_L007	JAXPS001	20240307_24-robson-002	KOLF2.2 deleted BHLHE40 by insertion of a premature termination codon (PTC)	KOLF2.2J	C11	JAXPE003	N.A	iPSC
MOK20045P-D09	GT24-00871	PrS-MOK20045P-D09	KOLF2.2 deleted BHLHE40 by insertion of premature termination codon (PTC) derived primitive syncytium	JAXPD001	6	days	Yes	extra-embryonic primitive syncytial cells	PTC	BHLHE40	JAXPL001	N.A	477	300	ngs	112.2	ngs	16.1997331808653	nM	10	NA	BMLHE40_PTC_D09_GT24-00871_ACACTAAG-ATATGGAT_S195_L007	JAXPS001	20240307_24-robson-002	KOLF2.2 deleted BHLHE40 by insertion of a premature termination codon (PTC)	KOLF2.2J	D09	JAXPE003	N.A	iPSC
MOK20045W-A01	GT24-00863	PrS-MOK20045W-A01	KOLF2.2 deleted BHLHE40 by deletion of full coding region (KO) derived primitive syncytium	JAXPD001	6	days	Yes	extra-embryonic primitive syncytial cells	KO	BHLHE40	JAXPL001	N.A	464	300	ngs	38.94	ngs	5.77978056426332	nM	10	NA	BMLHE40_KO_A01_GT24-00863_TGCGGCGT-TACCGAGG_S198_L007	JAXPS001	20240307_24-robson-002	KOLF2.2 deleted BHLHE40 by deletion of full coding region (KO)	KOLF2.2J	A01	JAXPE001	N.A	iPSC
MOK20045W-A03	GT24-00864	PrS-MOK20045W-A03	KOLF2.2 deleted BHLHE40 by deletion of full coding region (KO) derived primitive syncytium	JAXPD001	6	days	Yes	extra-embryonic primitive syncytial cells	KO	BHLHE40	JAXPL001	N.A	447	300	ngs	126.28	ngs	19.4563080469121	nM	10	NA	BMLHE40_KO_A03_GT24-00864_CATAATAC-CGTTAGAA_S187_L007	JAXPS001	20240307_24-robson-002	KOLF2.2 deleted BHLHE40 by deletion of full coding region (KO)	KOLF2.2J	A03	JAXPE001	N.A	iPSC
MOK20045W-D01	GT24-00865	PrS-MOK20045W-D01	KOLF2.2 deleted BHLHE40 by deletion of full coding region (KO) derived primitive syncytium	JAXPD001	6	days	Yes	extra-embryonic primitive syncytial cells	KO	BHLHE40	JAXPL001	N.A	467	300	ngs	61.16	ngs	9.01953150347155	nM	10	NA	BMLHE40_KO_D01_GT24-00865_GATCTATC-AGCCTCAT_S189_L007	JAXPS001	20240307_24-robson-002	KOLF2.2 deleted BHLHE40 by deletion of full coding region (KO)	KOLF2.2J	D01	JAXPE001	N.A	iPSC
